advisory_id,city_id,type,level,hazard_points,issued,title,source,for_households,for_schools,for_farmers,for_barangay_officials,sample_data
dagupan-a1,dagupan,Flood,Advisory,2,2026-10-02 14:00,Flood advisory: Pantal River above normal,PAGASA (sample),Move vehicles and valuables to higher floors. Prepare a go-bag. Residents of riverside zones in Bonuan and Pantal should be ready to go to the nearest evacuation center if the river rises further.,Keep classes in session but prepare to dismiss early if the advisory is upgraded. Do not use ground-floor rooms near the river.,Clear field drains and fishpond outlets. Harvest mature crops in low-lying plots near the river.,The Pantal River dike is still unfinished. Station a watcher at the open section and pre-position sandbags.,yes
dagupan-a2,dagupan,Rain,Yellow,1,2026-10-02 08:00,Yellow rainfall warning,PAGASA (sample),Flooding is possible in low-lying streets. Monitor updates every 3 hours.,No change to schedules.,Hold off on fertilizer application until the rain eases.,Check that canals in flood-prone puroks are clear.,yes
malabon-a1,malabon,Coastal,High tide,1,2026-10-02 16:00,Coastal flooding: 1.4 m high tide at 6:40 PM,PAGASA (sample),"Expect ankle- to knee-deep water in Longos, Tonsuya and Tañong this evening. Raise appliances and move vehicles before 6 PM.",End afternoon classes by 4:30 PM in affected barangays.,Fishpond operators should close sluice gates before high tide.,Two flood sensors are offline. Post manual watchers at the Tullahan wall gap and the Longos outfall.,yes
malabon-a2,malabon,Flood,Advisory,2,2026-10-02 09:00,Flood advisory: Tullahan River,PAGASA (sample),Riverside residents in Tinajeros should keep go-bags ready.,No change to schedules.,Not applicable in urban barangays.,Check the temporary sandbag line at the river wall gap.,yes
marikina-a1,marikina,Heat,Extreme Caution,1,2026-10-02 11:00,Heat index 36°C (Extreme Caution),PAGASA (sample),Drink water often and limit time outdoors from 11 AM to 3 PM. Check on older neighbors.,Move PE and outdoor activities to early morning.,Irrigate urban gardens early or late in the day.,Open covered courts as cooling spots. The shaded bikeway network is only half finished.,yes
legazpi-a1,legazpi,Rain,Orange,2,2026-10-02 13:00,Orange rainfall warning,PAGASA (sample),Flooding is threatening. Residents near the Yawa River and lahar channels should prepare to evacuate.,Suspend afternoon classes in barangays along lahar channels.,Move livestock to higher ground. Delay planting in low fields.,The Yawa River lahar dike extension has not started. Pre-evacuate households in the unprotected section.,yes
tacloban-a1,tacloban,Coastal,Gale warning,1,2026-10-02 05:00,Gale warning: eastern seaboard,PAGASA (sample),Coastal residents should secure boats and loose roofing.,No change to schedules.,Fisherfolk should not go out to sea in small boats.,The storm-surge embankment's city segment is still incomplete. Review evacuation lists for coastal barangays.,yes
iloilo-a1,iloilo,Thunderstorm,Advisory,1,2026-10-02 15:00,Thunderstorm advisory,PAGASA (sample),Heavy rain for 1–2 hours. Avoid crossing flooded streets in Jaro and La Paz.,Delay dismissal until the storm passes.,Check drainage in rice paddies near the floodway.,"The Jaro floodway needs desilting. Watch the La Paz low points, where the pumping station is delayed.",yes
cdo-a1,cdo,Thunderstorm,Advisory,1,2026-10-02 14:30,Thunderstorm advisory: upstream rain,PAGASA (sample),Rain upstream can raise the Cagayan de Oro River fast. Riverside residents should stay alert tonight.,No change to schedules.,Avoid crossing the river with livestock.,River telemetry upgrade is delayed. Use manual staff-gauge readings and radio relays.,yes
davao-a1,davao,Heat,Caution,0,2026-10-02 12:00,Heat index 31°C (Caution),PAGASA (sample),Stay hydrated during midday.,No change to schedules.,Water crops early in the day.,No action needed beyond routine monitoring.,yes
manila-a1,manila,Flood,Advisory,2,2026-10-02 13:00,Flood advisory: low-lying Tondo and Sampaloc,PAGASA (sample),Expect knee-deep water on España Boulevard and in low streets of Tondo. Move valuables to higher floors and keep go-bags ready.,Prepare to dismiss early in Sampaloc and Tondo if the advisory is upgraded.,Not applicable in urban barangays.,The España drainage work and the Baseco seawall are unfinished. Post watchers at the low points and pre-position sandbags.,yes
manila-a2,manila,Coastal,High tide,1,2026-10-02 16:30,Coastal flooding: 1.3 m high tide at 7:10 PM,PAGASA (sample),Shoreline households in Baseco and Isla Puting Bato should raise appliances and move vehicles before 6 PM.,End afternoon classes by 4:30 PM in shoreline barangays.,Small fishing boats should stay moored until the tide drops.,Check that the Roxas Boulevard flap gates close as the tide rises.,yes
tuguegarao-a1,tuguegarao,Flood,Watch,1,2026-10-02 10:00,Flood watch: Cagayan River basin,PAGASA (sample),"Riverside households in Caggay, Linao and Pengue-Ruyu should keep go-bags ready and watch the river level at Buntun Bridge.",No change to schedules.,Harvest mature corn in riverside fields if possible.,The Pinacanauan bank protection in Caggay is unfinished. Review evacuation lists for riverbank households.,yes
tuguegarao-a2,tuguegarao,Heat,Extreme Caution,1,2026-10-02 11:00,Heat index 38°C (Extreme Caution),PAGASA (sample),Drink water often and limit time outdoors from 11 AM to 3 PM. Check on older neighbors.,Move PE and outdoor activities to early morning.,Work in the fields early or late in the day.,Open covered courts as cooling spots.,yes
naga-a1,naga,Rain,Orange,2,2026-10-02 12:00,Orange rainfall warning,PAGASA (sample),Flooding is threatening. Residents near the Naga and Bicol rivers should prepare to evacuate.,Suspend afternoon classes in riverside barangays.,Move livestock to higher ground. Delay planting in low fields.,The Bicol River dike in Mabolo is unfinished. Pre-evacuate households along the low section. The Bicol River gauge is offline; read the manual staff gauge.,yes
puerto-princesa-a1,puerto-princesa,Heat,Caution,0,2026-10-02 12:00,Heat index 32°C (Caution),PAGASA (sample),Stay hydrated during midday.,No change to schedules.,Water crops early in the day.,No action needed beyond routine monitoring.,yes
cebu-a1,cebu,Rain,Yellow,1,2026-10-02 09:00,Yellow rainfall warning,PAGASA (sample),Flooding is possible in low-lying streets and along creeks. Monitor updates every 3 hours.,No change to schedules.,Check drainage in upland farms in Buhisan and Busay.,Two creek sensors are offline. Post watchers at the Lahug and Guadalupe creek crossings.,yes
ormoc-a1,ormoc,Thunderstorm,Advisory,1,2026-10-02 15:00,Thunderstorm advisory: upstream rain,PAGASA (sample),Rain upstream can raise the Anilao and Malbasag rivers fast. Riverside residents should stay alert tonight.,Delay dismissal until the storm passes.,Avoid crossing rivers with livestock.,Check the diversion channel bridge piers for debris.,yes
butuan-a1,butuan,Flood,Advisory,2,2026-10-02 08:00,Flood advisory: Agusan River above normal,PAGASA (sample),"Riverside residents in Baan, Ong Yiu and Bading should keep go-bags ready and be ready to go to the nearest evacuation center if the river rises further.",Keep classes in session but prepare to dismiss early if the advisory is upgraded.,Move livestock and stored grain to higher ground.,The Agusan River dike has an open section near Ong Yiu. Station a watcher there and pre-position sandbags and boats.,yes
butuan-a2,butuan,Rain,Yellow,1,2026-10-02 06:00,Yellow rainfall warning,PAGASA (sample),Flooding is possible in low-lying streets. Monitor updates every 3 hours.,No change to schedules.,Hold off on fertilizer application until the rain eases.,Clear the clogged inlets on Montilla Boulevard.,yes
zamboanga-a1,zamboanga,Thunderstorm,Advisory,1,2026-10-02 14:00,Thunderstorm advisory,PAGASA (sample),Heavy rain for 1–2 hours. Avoid crossing flooded streets near the Tumaga River.,Delay dismissal until the storm passes.,Check drainage in farm plots near the river.,The Rio Hondo revetment is unfinished. Watch the open section at the river mouth.,yes
