action_id,city_id,kind,action,when,sample_data
dagupan-ca1,dagupan,Clean-up,"Canal clean-up, Pantal riverside","Sat 10 Oct, 6:00 AM",yes
dagupan-ca2,dagupan,Monitoring,"Mangrove survival count, Bonuan coast",Every first Saturday,yes
dagupan-ca3,dagupan,Sponsor need,"2,000 sandbags for the dike's open section · via partner NGO",Open,yes
malabon-ca1,malabon,Clean-up,"Esteros clean-up, Longos","Sun 11 Oct, 7:00 AM",yes
malabon-ca2,malabon,Sponsor need,Replacement batteries for 2 flood sensors · via partner NGO,Open,yes
malabon-ca3,malabon,Monitoring,Report flood depth with a photo during high tide,Ongoing,yes
marikina-ca1,marikina,Clean-up,"Riverbank clean-up, Tumana","Sat 17 Oct, 6:00 AM",yes
marikina-ca2,marikina,Monitoring,"Tree survival count, bikeway corridor",Monthly,yes
legazpi-ca1,legazpi,Monitoring,"Seawall crack reporting, Boulevard",Ongoing,yes
legazpi-ca2,legazpi,Sponsor need,Generators for the Bogtong evacuation center · via partner NGO,Open,yes
legazpi-ca3,legazpi,Clean-up,"Drainage outfall clean-up, Rawis","Sat 24 Oct, 6:00 AM",yes
tacloban-ca1,tacloban,Monitoring,"Mangrove and beach-forest survival count, San Jose",Quarterly,yes
tacloban-ca2,tacloban,Clean-up,"Drainage clean-up, downtown","Sat 10 Oct, 6:00 AM",yes
iloilo-ca1,iloilo,Clean-up,"Floodway clean-up, Jaro","Sun 18 Oct, 6:00 AM",yes
iloilo-ca2,iloilo,Monitoring,Esplanade tree survival,Monthly,yes
cdo-ca1,cdo,Monitoring,Watershed seedling survival count,Quarterly,yes
cdo-ca2,cdo,Sponsor need,Handheld radios for river watchers · via partner NGO,Open,yes
davao-ca1,davao,Monitoring,"Urban forest tree count, Diversion Road",Quarterly,yes
davao-ca2,davao,Clean-up,Matina River clean-up,"Sat 31 Oct, 6:00 AM",yes
manila-ca1,manila,Clean-up,Estero de Binondo clean-up,"Sat 17 Oct, 6:00 AM",yes
manila-ca2,manila,Monitoring,"Report flood depth with a photo, España Boulevard",Ongoing,yes
manila-ca3,manila,Sponsor need,"1,500 sandbags for the Baseco shoreline · via partner NGO",Open,yes
tuguegarao-ca1,tuguegarao,Monitoring,"Tree survival count, Pinacanauan riverside",Monthly,yes
tuguegarao-ca2,tuguegarao,Clean-up,"Drainage clean-up, Centro","Sat 10 Oct, 6:00 AM",yes
naga-ca1,naga,Clean-up,"Naga River clean-up, Sabang","Sun 11 Oct, 6:00 AM",yes
naga-ca2,naga,Monitoring,"River level readings, Bicol River at Mabolo",During advisories,yes
naga-ca3,naga,Sponsor need,Rubber boats for Mabolo riverside rescue · via partner NGO,Open,yes
puerto-princesa-ca1,puerto-princesa,Monitoring,"Mangrove survival count, Bancao-Bancao",Quarterly,yes
puerto-princesa-ca2,puerto-princesa,Clean-up,"Drain inlet clean-up, Rizal Avenue","Sat 10 Oct, 6:00 AM",yes
cebu-ca1,cebu,Clean-up,Guadalupe River clean-up,"Sat 24 Oct, 6:00 AM",yes
cebu-ca2,cebu,Monitoring,"Seedling survival count, Buhisan watershed",Quarterly,yes
ormoc-ca1,ormoc,Clean-up,"Debris clearing, diversion channel bridges","Sat 17 Oct, 6:00 AM",yes
ormoc-ca2,ormoc,Monitoring,"Mangrove survival count, Bantigue",Every first Saturday,yes
butuan-ca1,butuan,Clean-up,"Inlet clean-up, Montilla Boulevard","Sun 18 Oct, 6:00 AM",yes
butuan-ca2,butuan,Sponsor need,Life vests for Agusan River watchers · via partner NGO,Open,yes
butuan-ca3,butuan,Monitoring,"Report river level with a photo, Ong Yiu landing",Ongoing,yes
zamboanga-ca1,zamboanga,Monitoring,"Mangrove survival count, Talon-Talon",Quarterly,yes
zamboanga-ca2,zamboanga,Clean-up,Tumaga riverbank clean-up,"Sat 31 Oct, 6:00 AM",yes
