project_id,city_id,city,project,type,agency,responsible_office,budget_php_millions,status,progress_pct,start,deadline,completed,maintenance,gap,interim_measure,lccap_source,followups_sent,followups_replied,latest_reply,summary,approx_lat,approx_lon,sample_data
dag-dike,dagupan,Dagupan City,"Pantal River dike raising, Phase 2",Dike,DPWH,"District Engineer, DPWH Pangasinan District Engineering Office",180,Delayed,55,2024-03,2026-06,,,Overdue,Sandbag the 400-m open section. A barangay watcher monitors the river level during advisories.,LCCAP 2022–2031,1,0,,Raising 1.8 km of river dike by 1.2 m along the Pantal River to protect riverside barangays from rain and tidal flooding.,16.0570,120.3460,yes
dag-drain,dagupan,Dagupan City,Downtown drainage declogging and box culverts,Drainage,City Government,"City Engineer, Dagupan City Engineering Office",42,Completed,100,2023-11,2025-03,2025-03,Needs maintenance,Needs maintenance,Request a declogging crew before the next heavy rain. Residents can report blocked inlets.,LCCAP 2022–2031,1,1,City Engineering Office: declogging scheduled for the third week of October.,Replaced undersized pipes with box culverts across the downtown grid and cleared 6 km of clogged drains.,16.0390,120.3280,yes
dag-mangrove,dagupan,Dagupan City,"Mangrove greenbelt, Bonuan coast (12 ha)",Mangrove,DENR,"CENRO Dagupan, DENR Region I",6,In progress,40,2025-06,2027-12,,,,,LCCAP 2022–2031,0,0,,Planting 12 hectares of mangroves as a living buffer against storm surge along the Bonuan coast. Survival is checked every quarter.,16.0790,120.3140,yes
dag-tidegate,dagupan,Dagupan City,Tide gates at the Calmay outfall,Pump,City Government,"City Engineer, Dagupan City Engineering Office",65,Not started,0,,2027-03,,,,,LCCAP 2022–2031,0,0,,Installing tide gates so high tide cannot push seawater back into the drainage system.,16.0510,120.3040,yes
mal-wall,malabon,Malabon City,"Tullahan River wall repair, Tinajeros",Dike,DPWH,"District Engineer, DPWH Malabon-Navotas District Engineering Office",120,Delayed,30,2025-01,2026-05,,,Overdue,A temporary sandbag line covers the 120-m gap. It does not hold against a strong high tide.,LCCAP 2020–2030,2,0,,Repairing and raising 900 m of river wall along the Tullahan River where floodwater overtopped during the 2024 typhoon season.,14.6720,120.9650,yes
mal-pump,malabon,Malabon City,Floodgate pumping station upgrade,Pump,MMDA,"Flood Control and Sewerage Management Office, MMDA",210,In progress,70,2025-04,2027-01,,,,,LCCAP 2020–2030,0,0,,Adding two pumps and backup power to the floodgate station so it keeps running during outages.,14.6660,120.9430,yes
mal-drain,malabon,Malabon City,"Barangay drainage mains, Longos",Drainage,City Government,"City Engineer, Malabon City Engineering Office",38,Completed,100,2024-02,2025-06,2025-05,OK,,,LCCAP 2020–2030,0,0,,"New drainage mains for Longos, finished a month early. Inspected every quarter.",14.6520,120.9530,yes
mal-sensor,malabon,Malabon City,Flood early-warning sensors (6 sites),Warning,City Government,"City DRRM Officer, Malabon CDRRMO",9,Completed,100,2024-06,2025-01,2025-01,Needs maintenance,Needs maintenance,Manual watchers at the two offline sites during advisories.,LCCAP 2020–2030,1,1,"CDRRMO: replacement batteries procured, installation set for October.",Six water-level sensors that trigger sirens when floodwater rises. Two have been offline since August.,14.6540,120.9730,yes
mar-dredge,marikina,Marikina City,"Marikina River dredging, Sto. Niño stretch",Dike,DPWH,"District Engineer, DPWH Metro Manila 2nd District Engineering Office",150,In progress,65,2025-02,2026-12,,,,,LCCAP 2021–2030,0,0,,Dredging 2.5 km of riverbed to restore channel capacity lost to silt.,14.6500,121.0970,yes
mar-wall,marikina,Marikina City,"Riverbank flood wall, Tumana",Dike,DPWH,"District Engineer, DPWH Metro Manila 2nd District Engineering Office",95,Delayed,40,2024-09,2026-03,,,Overdue,Early evacuation of riverside households once the river reaches the second alarm level.,LCCAP 2021–2030,1,1,"DPWH: right-of-way resolved, work to resume in November.","Building a 1.1-km flood wall to protect Tumana, one of the most flood-exposed barangays along the river.",14.6620,121.1150,yes
mar-green,marikina,Marikina City,Shaded bikeways and urban greening (5 km),Greening,City Government,"City ENRO, Marikina City",28,In progress,50,2025-07,2027-06,,,,,LCCAP 2021–2030,0,0,,Planting shade trees and adding cool pavement along 5 km of bikeways to cut street-level heat.,14.6380,121.0890,yes
mar-siren,marikina,Marikina City,Flood siren and river gauge network,Warning,City Government,"Rescue 161 / CDRRMO, Marikina City",12,Completed,100,2023-05,2024-03,2024-02,OK,,,LCCAP 2021–2030,0,0,,Sirens and river gauges that sound alarms at each river alarm level. Tested monthly.,14.6460,121.1070,yes
leg-seawall,legazpi,Legazpi City,Boulevard seawall reinforcement,Seawall,DPWH,"District Engineer, DPWH Albay 2nd District Engineering Office",260,Completed,100,2022-08,2024-06,2024-07,Needs maintenance,Needs maintenance,Close the Boulevard to traffic when Signal No. 2 or higher is raised.,LCCAP 2019–2028,0,0,,Reinforced 2 km of seawall along the Legazpi Boulevard against storm surge. Scour is now undermining two sections.,13.1430,123.7500,yes
leg-lahar,legazpi,Legazpi City,Yawa River lahar dike extension,Dike,DPWH,"District Engineer, DPWH Albay 2nd District Engineering Office",140,Not started,0,,2026-01,,,Overdue,Pre-emptive evacuation of upstream households during orange and red warnings.,LCCAP 2019–2028,1,0,,Extending the lahar dike by 1.5 km to protect upstream barangays from lahar and flash floods off Mayon.,13.1590,123.7240,yes
leg-evac,legazpi,Legazpi City,"Typhoon-resilient evacuation center, Bogtong",Evac,City Government,"City Engineer, Legazpi City Engineering Office",55,In progress,75,2025-05,2026-12,,,,,LCCAP 2019–2028,0,0,,"A 800-person evacuation center built to withstand Signal No. 5 winds, with rainwater storage and solar backup.",13.1550,123.7440,yes
leg-mangrove,legazpi,Legazpi City,"Coastal mangrove rehabilitation, Puro",Mangrove,DENR,"CENRO Legazpi, DENR Region V",4,Completed,100,2023-06,2025-06,2025-05,OK,,,LCCAP 2019–2028,0,0,,Rehabilitated 8 hectares of mangroves along the Puro shoreline.,13.1270,123.7560,yes
tac-embank,tacloban,Tacloban City,"Storm-surge embankment, city segment",Seawall,DPWH,"District Engineer, DPWH Leyte 1st District Engineering Office",780,Delayed,85,2019-01,2025-12,,,Overdue,Pre-emptive evacuation of coastal barangays at Signal No. 2.,LCCAP 2020–2029,1,1,DPWH: remaining sections to be completed by Q2 2027.,A raised embankment road along the coast to break storm surges. The city segment still has open sections at road crossings.,11.2340,125.0230,yes
tac-buffer,tacloban,Tacloban City,"Mangrove and beach-forest buffer, San Jose",Mangrove,DENR,"CENRO Tacloban, DENR Region VIII",7,In progress,55,2024-07,2027-06,,,,,LCCAP 2020–2029,0,0,,Planting mangroves and beach-forest species behind the embankment to absorb wave energy.,11.2220,125.0310,yes
tac-drain,tacloban,Tacloban City,"Drainage master plan, Phase 1 (downtown)",Drainage,City Government,"City Engineer, Tacloban City Engineering Office",90,In progress,35,2025-09,2027-09,,,,,LCCAP 2020–2029,0,0,,Upsizing downtown drainage and adding outfall gates.,11.2480,124.9990,yes
tac-siren,tacloban,Tacloban City,Coastal warning sirens (14 barangays),Warning,City Government,"City DRRM Officer, Tacloban CDRRMO",10,Completed,100,2023-01,2023-12,2023-11,OK,,,LCCAP 2020–2029,0,0,,Sirens with voice messages in Waray and Filipino for coastal barangays. Tested monthly.,11.2580,125.0130,yes
ilo-floodway,iloilo,Iloilo City,Jaro floodway desilting,Drainage,DPWH,"District Engineer, DPWH Iloilo City District Engineering Office",60,Completed,100,2024-01,2024-12,2024-11,Needs maintenance,Needs maintenance,Request maintenance desilting before the November peak.,LCCAP 2021–2030,0,0,,Removed silt along the Jaro floodway to restore its capacity. Silt is building up again near the outlet.,10.7400,122.5520,yes
ilo-esplanade,iloilo,Iloilo City,Riverbank greening extension (Esplanade),Greening,City Government,"City ENRO, Iloilo City",22,Completed,100,2023-03,2024-06,2024-05,OK,,,LCCAP 2021–2030,0,0,,Extended the riverside greenway with native trees that shade walkways and hold the riverbank.,10.7200,122.5660,yes
ilo-pump,iloilo,Iloilo City,"Pumping station, La Paz",Pump,City Government,"City Engineer, Iloilo City Engineering Office",75,Delayed,20,2025-03,2026-06,,,Overdue,Mobile pumps on standby during orange and red warnings.,LCCAP 2021–2030,1,0,,"A pumping station to drain the La Paz low points, where water stands for hours after heavy rain.",10.7340,122.5700,yes
ilo-basin,iloilo,Iloilo City,"Rainwater detention basin, Mandurriao",Drainage,City Government,"City Engineer, Iloilo City Engineering Office",48,Not started,0,,2026-12,,,,,LCCAP 2021–2030,0,0,,A detention basin that stores storm runoff and releases it slowly.,10.7260,122.5420,yes
cdo-dike,cdo,Cagayan de Oro City,"Cagayan de Oro River dike, Phase 2 (left bank)",Dike,DPWH,"District Engineer, DPWH Cagayan de Oro District Engineering Office",520,In progress,80,2023-02,2027-03,,,,,LCCAP 2020–2029,0,0,,Continuing the river dike system along the left bank to contain flash floods like those of 2011.,8.4690,124.6500,yes
cdo-forest,cdo,Cagayan de Oro City,Upstream watershed reforestation (150 ha),Greening,DENR,"CENRO Cagayan de Oro, DENR Region X",15,In progress,45,2024-06,2027-12,,,,,LCCAP 2020–2029,0,0,,Replanting the upper watershed to slow runoff and reduce landslides.,8.4430,124.6600,yes
cdo-telemetry,cdo,Cagayan de Oro City,River level telemetry upgrade,Warning,City Government,"City DRRM Officer, Cagayan de Oro CDRRMO",8,Delayed,10,2025-06,2026-04,,,Overdue,Manual staff-gauge readings relayed by radio every 30 minutes during advisories.,LCCAP 2020–2029,1,0,,Replacing old river gauges with real-time telemetry linked to the city's warning system.,8.4570,124.6560,yes
cdo-reloc,cdo,Cagayan de Oro City,"Relocation-site drainage, Calaanan",Drainage,City Government,"City Engineer, Cagayan de Oro City Engineering Office",30,Completed,100,2023-08,2024-08,2024-08,OK,,,LCCAP 2020–2029,0,0,,Drainage for the Calaanan relocation site.,8.4790,124.6260,yes
dav-matina,davao,Davao City,Matina River drainage improvement,Drainage,DPWH,"District Engineer, DPWH Davao City District Engineering Office",110,In progress,60,2025-01,2027-01,,,,,LCCAP 2019–2028,0,0,,Widening and lining the Matina River outlet to reduce flooding in Matina and Bangkal.,7.0670,125.6010,yes
dav-floodwall,davao,Davao City,"Davao River floodwall, Bucana",Dike,DPWH,"District Engineer, DPWH Davao City District Engineering Office",170,Not started,0,,2026-08,,,Overdue,Early evacuation of riverside households in Bucana during orange and red warnings.,LCCAP 2019–2028,0,0,,A floodwall along the lower Davao River to protect Bucana and nearby barangays.,7.0630,125.6210,yes
dav-cool,davao,Davao City,Cool roofs and shade for public schools,Greening,City Government,"City Engineer, Davao City Engineering Office",35,In progress,30,2025-11,2027-06,,,,,LCCAP 2019–2028,0,0,,Reflective roofing and shade trees for 40 public schools to lower classroom temperatures.,7.0830,125.6090,yes
dav-forest,davao,Davao City,"Urban forest corridor, Diversion Road",Greening,City Government,"City ENRO, Davao City",18,Completed,100,2023-06,2025-06,2025-04,OK,,,LCCAP 2019–2028,0,0,,A 6-km tree corridor that shades the road and absorbs runoff.,7.0930,125.5950,yes
